<?xml version="1.0" encoding="UTF-8"?>
<project-private xmlns="http://www.netbeans.org/ns/project-private/1">
    <editor-bookmarks xmlns="http://www.netbeans.org/ns/editor-bookmarks/2" lastBookmarkId="0"/>
    <open-files xmlns="http://www.netbeans.org/ns/projectui-open-files/2">
        <group>
            <file>file:/C:/microchip/harmony/v1_11/apps/MINF/TP/Projet_1730_Portier_IN/firmware/src/Mc32gest_RS232.h</file>
            <file>file:/C:/microchip/harmony/v1_11/apps/MINF/TP/Projet_1730_Portier_IN/firmware/src/Mc32gest_RS232.c</file>
            <file>file:/C:/microchip/harmony/v1_11/apps/MINF/TP/Projet_1730_Portier/firmware/src/app.c</file>
        </group>
    </open-files>
</project-private>
