<?xml version="1.0" encoding="UTF-8" standalone="no"?>
<configuration version="1.0.11.0">
  <DisplayManager>
    <SystemInitScript/>
    <SystemStartScript/>
  </DisplayManager>
  <General>
    <HarmonyPath path="../../../.."/>
    <Processor name=""/>
    <ForceOptimization flag="false"/>
    <MergeStrategy flag="USER_ALL"/>
  </General>
  <Manifest>
    <Files>
      <File>
        <Name>osal_impl_basic.h</Name>
        <Path>Header Files/framework/osal/src</Path>
      </File>
      <File>
        <Name>peripheral_common_32bit.h</Name>
        <Path>Header Files/framework/peripheral</Path>
      </File>
      <File>
        <Name>drv_tmr_mapping.h</Name>
        <Path>Header Files/framework/driver/tmr</Path>
      </File>
      <File>
        <Name>drv_tmr_variant_mapping.h</Name>
        <Path>Header Files/framework/driver/tmr/src</Path>
      </File>
      <File>
        <Name>driver_common.h</Name>
        <Path>Header Files/framework/driver</Path>
      </File>
      <File>
        <Name>drv_tmr.h</Name>
        <Path>Header Files/framework/driver/tmr</Path>
      </File>
      <File>
        <Name>sys_devcon.c</Name>
        <Path>Source Files/framework/system/devcon/src</Path>
      </File>
      <File>
        <Name>osal.h</Name>
        <Path>Header Files/framework/osal</Path>
      </File>
      <File>
        <Name>sys_ports.h</Name>
        <Path>Header Files/framework/system/ports</Path>
      </File>
      <File>
        <Name>driver.h</Name>
        <Path>Header Files/framework/driver</Path>
      </File>
      <File>
        <Name>peripheral_common.h</Name>
        <Path>Header Files/framework/peripheral</Path>
      </File>
      <File>
        <Name>sys_common.h</Name>
        <Path>Header Files/framework/system/common</Path>
      </File>
      <File>
        <Name>sys_buffer.h</Name>
        <Path>Header Files/framework/system/common</Path>
      </File>
      <File>
        <Name>sys_int_pic32.c</Name>
        <Path>Source Files/framework/system/int/src</Path>
      </File>
      <File>
        <Name>sys_clk.h</Name>
        <Path>Header Files/framework/system/clk</Path>
      </File>
      <File>
        <Name>osal_impl_none.h</Name>
        <Path>Header Files/framework/osal/src</Path>
      </File>
      <File>
        <Name>sys_clk_mapping.h</Name>
        <Path>Header Files/framework/system/clk</Path>
      </File>
      <File>
        <Name>osal_definitions.h</Name>
        <Path>Header Files/framework/osal</Path>
      </File>
      <File>
        <Name>sys_int_mapping.h</Name>
        <Path>Header Files/framework/system/int</Path>
      </File>
      <File>
        <Name>gfx_palette.h</Name>
        <Path>Header Files/framework/gfx</Path>
      </File>
      <File>
        <Name>sys_int_private.h</Name>
        <Path>Header Files/framework/system/int/src</Path>
      </File>
      <File>
        <Name>sys_devcon.h</Name>
        <Path>Header Files/framework/system/devcon</Path>
      </File>
      <File>
        <Name>system.h</Name>
        <Path>Header Files/framework/system</Path>
      </File>
      <File>
        <Name>sys_debug.h</Name>
        <Path>Header Files/framework/system/debug</Path>
      </File>
      <File>
        <Name>sys_module.h</Name>
        <Path>Header Files/framework/system/common</Path>
      </File>
      <File>
        <Name>sys_devcon_pic32mx.c</Name>
        <Path>Source Files/framework/system/devcon/src</Path>
      </File>
      <File>
        <Name>sys_devcon_local.h</Name>
        <Path>Header Files/framework/system/devcon/src</Path>
      </File>
      <File>
        <Name>peripheral.h</Name>
        <Path>Header Files/framework/peripheral</Path>
      </File>
      <File>
        <Name>sys_queue.h</Name>
        <Path>Header Files/framework/system/common</Path>
      </File>
      <File>
        <Name>sys_int.h</Name>
        <Path>Header Files/framework/system/int</Path>
      </File>
    </Files>
    <Templates>
      <Template>
        <Name>drv_usart_static.c</Name>
        <Path>Source Files/app/system_config/default/framework/driver/usart/src</Path>
        <Checksum>504F862643944C3341103877A2D354FC</Checksum>
      </Template>
      <Template>
        <Name>sys_ports_static.c</Name>
        <Path>Source Files/app/system_config/default/framework/system/ports/src</Path>
        <Checksum>E9E3DEBD79181F23263E665CC52F432D</Checksum>
      </Template>
      <Template>
        <Name>system_init.c</Name>
        <Path>Source Files/app/system_config/default</Path>
        <Checksum>5AF717CC73E69E5AE980DEC31CA608BB</Checksum>
      </Template>
      <Template>
        <Name>main.c</Name>
        <Path>Source Files/app</Path>
      </Template>
      <Template>
        <Name>drv_tmr_static.h</Name>
        <Path>Header Files/app/system_config/default/framework/driver/tmr</Path>
        <Checksum>1C7228F02C03792BAB187C996AEBCD0E</Checksum>
      </Template>
      <Template>
        <Name>drv_tmr_mapping.c</Name>
        <Path>Source Files/app/system_config/default/framework/driver/tmr/src</Path>
        <Checksum>DBE26CBCA22A445A54836CB11F19BC62</Checksum>
      </Template>
      <Template>
        <Name>system_definitions.h</Name>
        <Path>Header Files/app/system_config/default</Path>
        <Checksum>89440E5C569A1C37C8FDEC47A518542A</Checksum>
      </Template>
      <Template>
        <Name>system_exceptions.c</Name>
        <Path>Source Files/app/system_config/default</Path>
        <Checksum>C111969CA43D6CEA1E9E33A6164E7AE0</Checksum>
      </Template>
      <Template>
        <Name>app.c</Name>
        <Path>Source Files/app</Path>
      </Template>
      <Template>
        <Name>drv_usart_mapping.c</Name>
        <Path>Source Files/app/system_config/default/framework/driver/usart/src</Path>
        <Checksum>99B1234D6368258201525EBAE6D7FADE</Checksum>
      </Template>
      <Template>
        <Name>drv_usart_static.h</Name>
        <Path>Header Files/app/system_config/default/framework/driver/usart</Path>
        <Checksum>AE37BD63B6EC9F6ADD6B8006CE192FCB</Checksum>
      </Template>
      <Template>
        <Name>system_tasks.c</Name>
        <Path>Source Files/app/system_config/default</Path>
        <Checksum>9B99275933BA05C99819FD42A20BB677</Checksum>
      </Template>
      <Template>
        <Name>drv_usart_static_byte_model.c</Name>
        <Path>Source Files/app/system_config/default/framework/driver/usart/src</Path>
        <Checksum>F402F84024FEC5555E67696D86318326</Checksum>
      </Template>
      <Template>
        <Name>system_config.h</Name>
        <Path>Header Files/app/system_config/default</Path>
        <Checksum>AFF59D10BA6B0DB35C0BD70EF1A860E6</Checksum>
      </Template>
      <Template>
        <Name>app.h</Name>
        <Path>Header Files/app</Path>
      </Template>
      <Template>
        <Name>drv_tmr_static.c</Name>
        <Path>Source Files/app/system_config/default/framework/driver/tmr/src</Path>
        <Checksum>C1A327E64F5468E763552F486DF3084D</Checksum>
      </Template>
      <Template>
        <Name>sys_clk_static.h</Name>
        <Path>Header Files/app/system_config/default/framework/system/clk</Path>
        <Checksum>B4BD59D8D7C4DA95DC5E3B57755FD352</Checksum>
      </Template>
      <Template>
        <Name>system_interrupt.c</Name>
        <Path>Source Files/app/system_config/default</Path>
        <Checksum>724CE0F284975E723E76C615C876D644</Checksum>
        <ProjectFileChecksum>07B4C0D3133607167339D3C7421AE69D</ProjectFileChecksum>
      </Template>
      <Template>
        <Name>sys_clk_static.c</Name>
        <Path>Source Files/app/system_config/default/framework/system/clk/src</Path>
        <Checksum>6AF033A7E8ECB69981D88ED27526EF17</Checksum>
      </Template>
      <Template>
        <Name>drv_usart_static_local.h</Name>
        <Path>Header Files/app/system_config/default/framework/driver/usart/src</Path>
        <Checksum>62F7F49D6A443F111DA38971475472FD</Checksum>
      </Template>
    </Templates>
    <CompilerItems>
      <C32>
        <Include value="C:\microchip\harmony\v1_11\apps\MINF\TP\Projet_1730_Portier_IN\firmware\src"/>
        <Include value="C:\microchip\harmony\v1_11\apps\MINF\TP\Projet_1730_Portier_IN\firmware\src\system_config\default"/>
        <Include value="C:\microchip\harmony\v1_11\apps\MINF\TP\Projet_1730_Portier_IN\firmware\src\default"/>
        <Include value="C:\microchip\harmony\v1_11\framework"/>
        <Include value="C:\microchip\harmony\v1_11\apps\MINF\TP\Projet_1730_Portier_IN\firmware\src\system_config\default\framework"/>
      </C32>
    </CompilerItems>
    <Libraries>
      <Library value="../../../../../../bin/framework/peripheral/PIC32MX130F064B_peripherals.a"/>
    </Libraries>
  </Manifest>
</configuration>
